340028465709212,009250698176266,2012-02-08 06:04:13.0,05/13,United States,Barberton
340054675199675,835873341185231,2017-03-10 09:24:44.0,03/17,United States,Fort Dodge
340082915339645,512969555857346,2014-02-15 06:30:30.0,07/14,United States,Graham
340134186926007,887711945571282,2012-02-05 01:21:58.0,02/13,United States,Dix Hills
340265728490548,680324265406190,2014-03-29 07:49:14.0,11/14,United States,Rancho Cucamonga
340268219434811,929799084911715,2012-07-08 02:46:08.0,08/12,United States,San Francisco
340379737226464,089615510858348,2010-03-10 00:06:42.0,09/10,United States,Clinton
340383645652108,181180599313885,2012-02-24 05:32:44.0,10/16,United States,West New York
340803866934451,417664728506297,2015-05-21 04:30:45.0,08/17,United States,Beaverton
340889618969736,459292914761635,2013-04-23 08:40:11.0,11/15,United States,West Palm Beach
340924125838453,188119365574843,2011-04-12 04:28:47.0,12/13,United States,Scottsbluff
341005627432127,872138964937565,2013-09-08 03:16:50.0,02/17,United States,Chillum
341029651579925,974087224071871,2011-01-14 00:20:25.0,08/12,United States,Valley Station
341311317050937,561687420200207,2014-03-18 06:23:23.0,02/15,United States,Vincennes
341344252914274,695906467918552,2012-03-02 03:21:01.0,03/13,United States,Columbine
341363858179050,009190444424572,2012-02-19 05:16:44.0,04/14,United States,Cheektowaga
341519629171378,533670008048847,2013-05-13 07:59:32.0,01/15,United States,Centennial
341641153427489,230523184584316,2013-03-25 08:51:18.0,11/15,United States,Colchester
341719092861087,304847505155781,2015-12-06 08:06:35.0,11/17,United States,Vernon Hills
341722035429601,979218131207765,2015-12-22 10:46:23.0,01/17,United States,Elk Grove Village
341724964458347,210778177559185,2011-02-07 01:43:13.0,03/14,United States,Fond du Lac
341920010925925,185524819205415,2010-11-15 00:57:15.0,10/16,United States,Roosevelt
342016727481601,329679840450294,2015-02-15 06:56:32.0,10/16,United States,Oakdale
342048672911139,409346767454057,2011-03-03 10:41:02.0,08/12,United States,Winter Springs
342106756753728,439669104078192,2013-11-25 02:05:46.0,03/14,United States,Pittsburg
342136378319429,756971727303005,2016-01-09 01:19:50.0,10/17,United States,Superior
342341653931950,569294535026544,2014-09-06 12:16:48.0,10/14,United States,Woodstock
342400733369183,557238536043272,2016-03-01 07:30:53.0,08/17,United States,Derry
342409040326783,093291208532654,2015-05-02 10:06:45.0,04/16,United States,Key West
342541202178377,228647326620185,2013-12-28 05:34:26.0,04/15,United States,Taylors
342659393657862,075642075917789,2016-02-10 07:27:55.0,07/17,United States,Norman
342679959520647,328980632419725,2017-06-20 06:30:36.0,07/17,United States,Oklahoma City
342684196338179,329884605707231,2011-11-11 03:06:15.0,08/13,United States,Lisle
342853996970884,683933065094215,2011-11-04 12:32:30.0,02/14,United States,Bradley
342894449456021,645003407215198,2015-07-15 01:27:46.0,04/17,United States,Olive Branch
342917304031089,110913209929562,2015-01-02 09:32:57.0,03/16,United States,Arvada
342966201267661,015777120121252,2010-06-10 07:32:59.0,10/14,United States,Branford
343021795545168,034436901002830,2010-07-24 06:53:37.0,06/13,United States,North Bel Air
343107037888023,979274357975688,2014-07-05 01:41:46.0,12/16,United States,Inglewood-Finn Hill
343252340741735,055787011798644,2014-12-24 03:29:32.0,02/15,United States,Kissimmee
343330859464824,051518771748227,2011-02-09 04:11:31.0,11/14,United States,Murfreesboro
343478616471867,918968215840378,2013-08-11 10:10:44.0,09/17,United States,Pinewood
343753962914526,319436604377423,2017-02-28 08:59:13.0,07/17,United States,Cahokia
343794320536223,083447760133750,2015-02-28 09:56:55.0,10/15,United States,Alice
343802190729995,103489181611635,2015-11-19 04:09:19.0,12/16,United States,Laplace
343803912797603,374775668614336,2010-03-18 09:22:55.0,09/12,United States,McDonough
343902075851032,447204392852035,2016-04-04 09:12:08.0,01/17,United States,Lakeville
343923894022124,233154406228727,2013-05-02 08:50:27.0,11/16,United States,Lacey
343953209773343,495110335914510,2014-07-01 00:42:06.0,10/17,United States,Englewood
343962656588624,874267591301724,2017-09-13 04:32:55.0,09/17,United States,Ramona
343991629633818,372225917645777,2017-07-09 04:03:45.0,07/17,United States,Lake Shore
344000005693030,067585562947546,2010-09-08 03:40:42.0,01/14,United States,Wellesley
344002520206946,313129704156102,2012-04-08 12:06:09.0,12/14,United States,Burien
344143554194093,605980287528081,2016-07-03 01:16:26.0,07/16,United States,Savage
344209859893876,145224809882579,2012-06-05 01:24:25.0,04/15,United States,Trenton
344250415187512,787250659693155,2013-01-10 02:44:57.0,02/15,United States,Walnut Park
344261255055849,255246229177887,2013-10-12 01:36:31.0,08/16,United States,Hopatcong
344383976541266,206984342997006,2010-07-03 08:50:22.0,12/13,United States,Meridian
344402144417599,920759851362201,2016-11-29 02:10:14.0,05/17,United States,Mount Lebanon
344453305077666,749474155127516,2015-10-11 03:31:54.0,08/16,United States,Collierville
344490156298215,902855626433596,2016-07-07 10:39:14.0,07/16,United States,Elmira
344544208972277,830523253190100,2012-08-01 09:06:29.0,01/16,United States,Lutz
344583480345238,667772346348129,2013-10-27 01:47:23.0,11/16,United States,Wasco
344713754834914,647280028167248,2017-06-23 10:58:13.0,06/17,United States,Jenison
344770738264186,553366230232887,2016-10-19 05:30:00.0,03/17,United States,Sebastian
344827223085982,310558899794750,2012-10-20 00:34:19.0,11/12,United States,Hot Springs
344997383137673,767099457661258,2017-02-17 00:13:50.0,06/17,United States,Aloha
345006580195330,819397358209255,2013-10-21 11:23:20.0,02/14,United States,Central Islip
345027679564944,808853092206668,2012-03-04 08:08:37.0,09/15,United States,Ada
345077775078680,400051274489055,2011-11-19 01:39:20.0,02/12,United States,Tulsa
345082162474452,335452580549855,2014-07-03 08:07:40.0,10/16,United States,Egypt Lake-Leto
345082216803859,414805344214663,2015-09-26 08:23:47.0,12/15,United States,Woodland Hills
345140945581726,127329474809762,2013-01-09 12:27:19.0,01/14,United States,Washington
345158301963131,614325994676300,2012-01-22 05:01:04.0,01/14,United States,Kingman
345245362189127,352966365887131,2015-02-03 09:54:07.0,07/17,United States,Altadena
345261664350609,520311462044918,2016-06-25 00:48:13.0,03/17,United States,North La Crosse
345406224887566,296206661780881,2011-01-16 04:39:15.0,11/12,United States,Clemmons
345419819846363,515357557427100,2016-10-04 04:58:15.0,10/16,United States,Urbana
345498289160361,948048144776499,2010-09-20 01:33:32.0,01/15,United States,Pasadena
345545562194266,952317620105523,2010-11-22 03:54:55.0,11/17,United States,Orangevale
345599472667975,800047508333692,2011-03-10 07:07:39.0,11/15,United States,Frankfort
345789731252528,628859929501350,2010-05-22 04:00:11.0,05/15,United States,Dinuba
345864096406128,246259923541675,2016-08-20 12:05:26.0,11/17,United States,Lexington
345876265017055,823026992379988,2014-08-15 08:40:03.0,04/15,United States,North Bellmore
345925144288000,739092283753014,2010-03-29 12:03:30.0,03/17,United States,North Amityville
345949260434768,317939112617073,2011-02-05 09:01:07.0,09/14,United States,Chalmette
345969858843082,035217612427824,2014-06-17 08:10:53.0,10/16,United States,DeSoto
346001716915984,635528765708111,2012-08-23 01:50:21.0,02/14,United States,Smyrna
346071750538869,682775097079700,2014-01-09 03:22:06.0,02/15,United States,Albuquerque
346119019394205,443551645061859,2015-10-06 05:37:34.0,01/16,United States,Carrboro
346191575038236,046077978771675,2016-02-25 12:26:25.0,10/17,United States,Manchester
346375938531281,785748283648143,2013-02-10 07:11:07.0,07/17,United States,Cocoa
346417268270064,417869724052281,2012-07-03 12:51:32.0,08/16,United States,Wilmette
346600847616797,693976117171027,2012-03-12 03:14:03.0,01/13,United States,Auburn
346618652451637,540752175696215,2011-09-13 11:21:49.0,03/16,United States,Yuma
346705343409319,411769208648761,2012-09-03 01:21:15.0,01/14,United States,Burlingame
346723578776723,351607869287639,2010-06-27 10:00:29.0,08/14,United States,Medford
346829826446934,872862304291422,2010-02-02 11:01:18.0,07/16,United States,Long Island City
347051350857346,548033330364119,2017-06-03 05:48:30.0,11/17,United States,Athens
347110035412723,721905765830516,2014-02-25 09:12:36.0,07/16,United States,Fond du Lac
347128485339604,194304990519689,2014-01-26 11:41:40.0,09/15,United States,Westfield
347177017703006,672463098512868,2017-09-15 08:06:45.0,10/17,United States,Statesboro
347269341929980,545557912057292,2010-05-29 12:55:34.0,08/12,United States,Carteret
347274385563543,359453922401698,2013-05-06 08:06:18.0,11/15,United States,West Lafayette
347361606702352,270322592246125,2012-01-30 12:56:00.0,08/12,United States,Kaysville
347364295787224,455899712765790,2017-10-09 02:01:09.0,10/17,United States,Placentia
347370191043478,392663890279884,2016-10-22 05:00:52.0,07/17,United States,Andover
347403934542566,743428951905411,2014-01-18 10:09:51.0,04/14,United States,North Babylon
347566265344782,525575661867882,2012-02-10 12:33:25.0,06/12,United States,North Olmsted
347697256845386,529269910685569,2014-10-13 00:10:07.0,11/16,United States,Hays
347723528908969,793190430131009,2010-12-21 06:19:27.0,12/16,United States,Balch Springs
347736616723522,651777188480086,2017-10-28 12:34:34.0,11/17,United States,Stockbridge
347742182023365,314941295913844,2011-07-31 10:30:21.0,04/13,United States,North Miami
347816334672492,314841462077900,2014-10-14 05:47:58.0,12/15,United States,Jacksonville Beach
347893423075811,055667449016687,2012-08-21 11:12:07.0,02/15,United States,Millbrae
348157024306041,045533944384107,2011-03-10 05:56:01.0,10/14,United States,Barrington
348165176221648,043087872710430,2010-04-22 02:38:10.0,10/17,United States,Chicopee
348176004451908,941781899168604,2012-06-16 12:07:11.0,05/17,United States,Malden
348190804567030,824326278451096,2017-07-12 00:57:33.0,07/17,United States,Agoura Hills
348235257615511,088196606898536,2012-07-19 00:21:46.0,05/16,United States,Lakeville
348390084708787,378592522738268,2017-02-27 08:59:39.0,05/17,United States,Pontiac
348400808911398,842950351922173,2014-04-17 02:13:22.0,06/17,United States,Apache Junction
348413196172048,001739553947511,2017-02-15 11:11:19.0,07/17,United States,East Independence
348518253481519,266788079703744,2016-01-21 09:31:37.0,03/16,United States,SeaTac
348535611438049,608986996820125,2013-02-25 00:50:31.0,11/15,United States,Temecula
348536585266345,003761426295463,2013-12-07 04:17:03.0,11/15,United States,Dover
348546826126582,724277354877034,2015-06-09 12:36:13.0,10/15,United States,Northridge
348684315090900,293516519272933,2016-04-03 01:29:26.0,04/16,United States,Bloomingdale
348701439056464,646435961115746,2015-04-22 04:52:20.0,05/15,United States,Moses Lake
348702330256514,000037495066290,2018-01-19 06:38:43.0,02/18,United States,Avon Center
348818434931000,927655932995075,2016-01-02 12:23:51.0,07/16,United States,Sidney
348890647161465,320864375768815,2014-11-20 12:33:15.0,02/17,United States,Paso Robles
348962542187595,366246487993992,2017-01-31 12:00:03.0,02/17,United States,Norton Shores
349000329241977,043358801032343,2014-03-25 03:39:13.0,06/17,United States,Perth Amboy
349076799101265,636168850404299,2017-03-31 08:05:18.0,04/17,United States,Lodi
349081750252918,735404239304607,2016-07-24 03:11:39.0,12/16,United States,Niles
349143706735646,343824445342591,2015-12-25 12:18:50.0,05/17,United States,Ashland
349150311183125,600428624962185,2011-01-18 10:49:20.0,08/13,United States,Dothan
349186222855183,569606889200235,2016-01-18 11:26:29.0,08/16,United States,Elmwood Park
349237491603133,159613236312962,2015-07-18 09:35:12.0,06/16,United States,The Hammocks
349254330876970,175914389419795,2011-03-01 06:37:24.0,11/16,United States,North Hollywood
349261557797449,158070916525956,2016-07-11 03:33:19.0,10/16,United States,Selma
349296639004201,272633271065390,2011-03-02 07:55:36.0,06/15,United States,Winchester
349612084165104,384871120986572,2012-01-08 10:37:41.0,05/12,United States,Delaware
349805666286145,991958482478439,2015-01-09 10:43:02.0,08/15,United States,Parker
349853936122178,967492654630723,2014-05-12 11:16:21.0,02/17,United States,Moses Lake
349880127547980,239011426186064,2011-05-27 06:20:20.0,09/16,United States,Ansonia
349996104851677,078360584449296,2013-12-29 10:26:00.0,04/14,United States,East Ridge
370422335609431,429193399800529,2011-05-04 06:47:12.0,05/12,United States,Oak Ridge
370582035866789,433646648625434,2011-10-29 02:45:55.0,06/16,United States,Tinley Park
370628435959605,100655658028368,2017-12-14 08:56:09.0,12/17,United States,Carson City
370629034565111,443364325037992,2011-06-07 09:20:58.0,12/12,United States,Silver Firs
370702300939151,940234459440812,2011-12-16 04:24:37.0,02/16,United States,Allentown
370721155581754,587639056327573,2013-10-15 08:39:32.0,10/15,United States,New Castle
370879584654784,113717197565693,2010-03-24 10:30:32.0,01/16,United States,Ferndale
370885717004636,855807702046285,2015-09-23 00:50:16.0,12/16,United States,Aliso Viejo
371083100098694,965245580810214,2017-07-26 05:08:45.0,08/17,United States,North Little Rock
371084325684552,326158703846139,2015-12-07 04:37:42.0,01/17,United States,Golden Gate
371085417506954,376195488976103,2016-04-29 07:08:41.0,05/16,United States,Shawnee
371218477158904,556410949516301,2017-05-10 12:44:33.0,05/17,United States,Tillmans Corner
371224213544891,903526073147021,2012-04-23 01:13:22.0,02/17,United States,Derry
371618511912743,451756543458677,2014-07-23 10:22:18.0,12/15,United States,Wantagh
371691542552208,620584788818914,2011-03-07 00:38:20.0,02/13,United States,Daphne
371814781663843,009136568025042,2013-08-11 03:53:51.0,11/13,United States,Southchase
371829395919892,140317824743576,2017-12-25 09:38:28.0,01/18,United States,Deerfield
371898441547435,917931847489584,2015-09-21 11:37:39.0,12/15,United States,North Aurora
372054744798748,322180182246813,2012-06-15 00:05:23.0,09/15,United States,Johnston
372058622871109,776634499506713,2011-10-04 08:42:27.0,08/16,United States,Anthem
372141480922912,232105983494456,2017-11-29 04:10:25.0,12/17,United States,Ferndale
372183631158095,344443443583077,2011-02-17 01:01:07.0,10/17,United States,Bremerton
372241417069532,510599965029232,2011-12-17 08:36:37.0,09/12,United States,Bensenville
372336918813721,064090191685558,2013-07-07 08:49:20.0,11/13,United States,Union Hill-Novelty Hill
372347439772378,028632455787521,2011-02-24 04:24:28.0,09/16,United States,Winona
372367382019172,483278526851211,2015-02-20 13:00:44.0,10/15,United States,Smyrna
372421833019999,850367050453072,2012-11-07 01:30:43.0,11/15,United States,South Bel Air
372473469966484,781307600087964,2011-07-08 01:47:46.0,11/11,United States,Shelby
372506852785436,537438416233265,2012-08-28 00:50:17.0,04/13,United States,Pinecrest
372686692947647,920781638107433,2017-08-18 08:32:46.0,10/17,United States,Deer Park
372761911834379,745004210640465,2017-10-02 12:52:29.0,10/17,United States,Hobart
372805987499499,321878340393691,2013-05-13 01:16:17.0,02/14,United States,Grafton
372814055224156,051664786198491,2015-04-28 00:36:27.0,09/17,United States,Tallahassee
372836467968905,713341274626075,2013-08-02 05:23:51.0,01/16,United States,San Tan Valley
372838963275954,019834203768714,2011-04-21 11:06:50.0,06/16,United States,Kuna
372925786065494,460281502410884,2018-01-10 05:36:36.0,01/18,United States,Lealman
373010392563786,555434352919196,2017-01-05 08:24:52.0,01/17,United States,Baltimore
373151716385585,522247902253848,2017-05-06 10:01:21.0,05/17,United States,Oak Harbor
373228713895619,538235310276227,2014-10-24 06:51:14.0,10/17,United States,Huntington
373290715094723,766645301621495,2013-08-03 03:24:30.0,07/15,United States,Ashtabula
373320949356351,179258479043736,2016-07-25 00:28:48.0,09/17,United States,New York City
373392918838641,491669340987836,2011-03-07 06:49:36.0,09/16,United States,Valrico
373612925758575,039274695228076,2010-06-15 05:15:46.0,03/16,United States,Superior
373617064497930,966926281506573,2012-10-15 12:50:05.0,10/15,United States,Avocado Heights
373684651927585,028379321561729,2013-02-05 05:29:02.0,08/17,United States,Berkeley
373748808330229,839493393060545,2013-12-26 12:06:07.0,01/14,United States,Lacey
373848247566260,099616648121654,2016-08-03 01:27:34.0,11/16,United States,Woburn
373862770187010,599079421916496,2015-06-08 01:58:38.0,08/16,United States,Marquette
373866218194240,452270727911339,2012-07-08 04:32:20.0,02/14,United States,Auburn
373985910177356,200057082465017,2013-10-22 02:26:59.0,04/17,United States,Fort Walton Beach
374169325578072,534155264791531,2013-09-17 01:29:08.0,03/16,United States,Modesto
374174065094615,106536356202774,2015-07-17 05:03:51.0,06/17,United States,Miamisburg
374402729392753,548014495290198,2017-07-13 08:22:08.0,07/17,United States,Cutler Bay
374412866126488,364904483936312,2013-12-08 06:40:25.0,08/15,United States,Detroit
374437449333250,738960224159727,2012-02-04 12:09:36.0,12/14,United States,Minnetonka Mills
374543818590344,663270546841639,2010-06-20 08:42:53.0,08/10,United States,North Fort Myers
374693639484635,908708243967265,2012-03-28 04:25:46.0,03/16,United States,Ashwaubenon
374878208630443,992552823055811,2016-07-28 03:48:13.0,09/17,United States,West Sacramento
374903724341206,157238450120840,2014-11-15 02:24:10.0,11/15,United States,Winchester
374912246967863,622682819569004,2014-05-01 08:32:15.0,10/17,United States,Tifton
375195928849516,551985151347703,2013-01-13 09:08:22.0,09/17,United States,Saratoga
375372047396189,595995388849040,2012-09-03 03:45:50.0,06/15,United States,Valparaiso
375444037491963,316489447522297,2016-07-02 08:44:41.0,08/16,United States,Albert Lea
375481506730356,767637245452576,2013-06-03 08:20:30.0,12/13,United States,Maryville
375488312719892,748053507232920,2012-01-06 08:27:55.0,07/15,United States,Woodridge
375534319569687,533947161595111,2011-04-02 10:30:09.0,11/16,United States,Albany
375592272607440,039440103344381,2017-12-24 08:31:50.0,01/18,United States,Mastic
375649710331114,846638285448643,2011-06-02 03:40:57.0,11/12,United States,Leawood
375667514735949,611432563010764,2011-10-05 01:36:24.0,11/11,United States,Pikesville
375771346371172,435409169995795,2015-07-24 12:21:04.0,01/17,United States,Avocado Heights
375773536539674,146862049588235,2012-09-01 06:23:21.0,03/15,United States,Battle Creek
375806375521605,880937166605469,2011-10-05 09:10:13.0,10/15,United States,Pensacola
375808802792172,595805306606419,2011-09-18 06:33:44.0,04/14,United States,East Brunswick
375956299108731,649016057345732,2012-11-05 12:50:29.0,06/15,United States,Aurora
375969750295919,312400691628598,2012-12-11 11:21:47.0,11/13,United States,Meadow Woods
376076338645785,202098035356377,2010-09-26 02:18:06.0,08/13,United States,Shaker Heights
376180978100967,921021711627879,2014-06-29 12:57:31.0,01/17,United States,East Hill-Meridian
376210072577823,389166266507519,2014-09-22 03:21:26.0,08/16,United States,Bolingbrook
376211080814409,893061171851100,2015-09-15 06:46:13.0,05/16,United States,Austin
376260154282959,631509574333687,2013-11-07 12:40:59.0,11/16,United States,Pasadena
376334412974395,391273336758705,2016-02-21 06:40:40.0,09/17,United States,Santa Barbara
376469384160903,983248478716258,2010-03-17 07:21:15.0,06/17,United States,Bellflower
376520514966301,280685869588055,2010-12-18 05:48:46.0,08/16,United States,Lakeside
376529531057128,858544169966966,2017-01-23 10:38:53.0,02/17,United States,South Laurel
376581225375047,624489374259629,2015-04-28 06:54:22.0,12/15,United States,Sacramento
376587801816518,400045576453227,2013-11-02 09:59:42.0,11/16,United States,Independence
376842032685065,462649519687134,2012-12-29 12:37:11.0,06/17,United States,Tinley Park
376969719175819,169575042231322,2016-05-20 13:02:19.0,06/16,United States,North Fort Myers
377003731690040,208889433127007,2015-12-21 08:39:07.0,01/17,United States,North Miami
377021038366997,964729635942071,2014-08-27 01:09:38.0,06/17,United States,Huntington Park
377037030364630,331615799846157,2016-06-11 11:46:54.0,09/17,United States,Tahlequah
377043496392846,931915606230988,2012-04-22 04:44:59.0,07/16,United States,Beloit
377201318164757,924475891017022,2010-05-17 13:00:14.0,11/10,United States,Walnut Park
377222990760284,294116179138741,2010-11-17 10:35:11.0,11/11,United States,Trenton
377234269263566,170867057974541,2013-11-12 01:27:29.0,11/16,United States,Westchester
377354648727422,964807504292144,2017-02-25 06:41:02.0,03/17,United States,Brushy Creek
377397851510379,492096048046575,2018-01-21 12:36:16.0,02/18,United States,Sahuarita
377418186450108,447174169475798,2014-12-02 03:26:44.0,03/16,United States,Ken Caryl
377486478316529,890348677642234,2016-11-15 07:48:30.0,11/16,United States,Pickerington
377594552158576,327070076641255,2012-11-02 01:02:04.0,01/13,United States,West Linn
377613757081026,362885445493746,2011-05-15 03:46:27.0,03/14,United States,Highview
377705276225880,314723375301633,2016-01-18 12:41:10.0,08/16,United States,Bartlett
377718993122068,116128966071490,2011-12-28 02:50:47.0,09/12,United States,Manitowoc
377733163286178,697962611176229,2014-04-05 06:34:01.0,04/16,United States,Broomfield
377784820509467,949784630477538,2011-06-10 00:30:00.0,06/12,United States,Ozark
377957853699361,292570686967627,2013-07-17 03:11:16.0,09/16,United States,Lehigh Acres
377990229586573,563807011496033,2012-02-28 06:57:28.0,05/13,United States,Topeka
378001698534979,989174793157941,2015-03-25 00:38:44.0,06/17,United States,East Setauket
378106661052189,785393612820729,2012-12-10 07:56:48.0,10/13,United States,Warren
378118026791597,966020431295704,2014-07-19 01:24:42.0,06/16,United States,Upper Saint Clair
378297007468342,856150621152797,2013-05-29 05:03:37.0,11/17,United States,Davenport
378303738095292,001314074991813,2013-02-15 03:01:08.0,01/17,United States,East Lake-Orient Park
378481270884534,871677240619008,2016-12-30 10:31:09.0,10/17,United States,Yorba Linda
378586484293754,465163304303840,2012-02-26 09:04:16.0,02/14,United States,Ceres
378660569352349,529810616353863,2016-11-10 01:44:06.0,12/16,United States,Pooler
378769096633923,600448619940182,2017-05-29 03:47:04.0,06/17,United States,Opelousas
378827123583890,269682535378777,2010-07-27 00:22:24.0,10/17,United States,Hermiston
378868585264501,603711462345718,2014-10-21 09:07:04.0,08/17,United States,Forest Park
378891785991946,638295738543212,2010-05-05 08:58:24.0,07/12,United States,Bloomfield
379321864695232,082567374418739,2013-05-01 12:01:23.0,06/16,United States,Buckeye
379415836364353,983390343419665,2013-09-11 01:47:25.0,03/17,United States,Clayton
379517887742356,280450257445657,2010-03-28 12:31:53.0,09/13,United States,Spanish Lake
379878435064856,827067718908594,2012-07-17 09:42:17.0,10/14,United States,Mitchell
379899578891759,175020254453870,2011-04-24 02:08:54.0,07/11,United States,Elko
379937613248507,099408787564592,2012-12-25 11:30:11.0,06/17,United States,Toms River
4006877360909029,180037204978589,2015-01-02 04:07:14.0,07/17,United States,Plainview
4008296976913457,490122383462101,2012-09-24 05:36:12.0,11/13,United States,Pasadena
4009218272111551,423517919211603,2012-03-28 09:30:03.0,11/14,United States,Parkland
4011240006964200,214878846282775,2015-09-01 00:39:43.0,01/17,United States,Carlsbad
4011531994939208,688353823915568,2013-09-16 11:48:28.0,02/14,United States,Augusta
4021208445551712,611289984892092,2011-06-14 03:20:02.0,08/13,United States,Shawnee
4021417154539830,213103969587699,2014-02-25 08:11:03.0,11/14,United States,Castaic
4027850798795885,905316726401437,2014-04-02 11:49:13.0,10/14,United States,Brent
4028859415910917,729289045136959,2011-06-19 04:19:22.0,05/13,United States,West Little River
4030102234693430,470732221395070,2013-01-28 07:23:33.0,11/14,United States,Cuyahoga Falls
4033232792979330,350825724718484,2017-11-21 03:31:00.0,12/17,United States,Moline
4039077088286120,154107557321554,2010-03-31 01:14:18.0,05/10,United States,Towson
4039137046637960,968236238251435,2010-12-14 00:03:13.0,06/15,United States,Parma Heights
4045078988883281,486726560876897,2013-05-06 06:14:57.0,07/14,United States,Oak Park
4045133934926419,195470545210125,2017-05-17 12:37:35.0,08/17,United States,Sartell
4050557898062336,127150445338963,2017-06-12 02:46:10.0,09/17,United States,North Glendale
4051600947391295,378428796688739,2014-08-04 06:55:56.0,05/16,United States,Secaucus
4062043784513308,141872424761187,2010-09-28 12:02:33.0,11/13,United States,Fargo
4067184730430984,621716090496245,2016-03-13 06:46:12.0,10/16,United States,Fort Bragg
4070564266205733,279534750651030,2013-10-01 05:36:08.0,02/16,United States,Stillwater
4073709180959249,473222722777774,2014-04-03 07:52:09.0,11/15,United States,Belmont
4085635107331269,585404141870399,2010-03-26 01:01:21.0,09/15,United States,San Diego
4086891241655308,305709207397186,2016-10-28 00:01:45.0,06/17,United States,Mount Juliet
4089315597535812,279392246407223,2012-01-30 06:35:21.0,04/13,United States,Bayshore Gardens
4091570463205389,230568719688148,2014-10-01 09:33:17.0,10/17,United States,Fort Worth
4097172610868450,471801133596054,2015-08-16 03:54:40.0,08/17,United States,New Brunswick
4098144244471133,136730400326780,2010-07-04 01:14:42.0,02/16,United States,Warren
4100605044414693,255882548204082,2011-04-23 03:12:43.0,12/16,United States,Fairview Heights
4105963873685130,901449655222571,2015-02-14 05:04:06.0,02/17,United States,Wheeling
4111070898318473,465857405416579,2011-03-01 11:44:40.0,05/17,United States,Bozeman
4115056128951163,840526684270141,2011-10-10 04:29:20.0,11/14,United States,Coral Terrace
4115747122253792,697039249499151,2016-04-08 00:47:05.0,04/16,United States,Williamstown
4117342434978910,413459420976990,2016-03-11 11:03:59.0,08/17,United States,Elk River
4117959128633814,599086032537970,2016-12-22 01:04:13.0,03/17,United States,Vero Beach South
4126356979547079,015582765997171,2010-04-30 04:03:53.0,02/16,United States,Jamaica
4126467922316957,737441849656365,2010-12-17 04:53:17.0,05/11,United States,Ocean Springs
4131793751981733,148822104150934,2011-07-06 12:20:51.0,01/17,United States,Grand Forks
4132381122041426,065832767044393,2014-01-02 08:57:00.0,12/14,United States,Libertyville
4138903387323464,739461291853089,2012-12-08 11:48:54.0,03/16,United States,Hempstead
4140789856110920,426994786145683,2012-10-13 00:24:30.0,10/13,United States,Biddeford
4153668574256617,489643949065990,2013-04-29 05:46:15.0,02/14,United States,Peekskill
4173451524840806,919377025657682,2013-09-24 05:09:21.0,01/15,United States,Reading
4174085648252388,169940172498283,2011-01-25 05:57:59.0,05/13,United States,Commerce City
4178442333576645,233262042086838,2015-06-17 06:10:38.0,11/15,United States,Radnor
4181156753111775,651563312165145,2018-01-25 02:23:44.0,02/18,United States,Five Corners
4193928740720868,171049332068534,2010-09-09 06:58:22.0,11/15,United States,Florence
4195856958700454,852432503847282,2013-10-31 09:05:00.0,06/15,United States,Edison
4199381723922453,561147880205207,2016-06-30 02:37:48.0,07/16,United States,Lafayette
4206756012407095,329169857298623,2014-11-05 05:33:07.0,02/16,United States,Brentwood
4229162370516960,497266118683118,2016-11-07 00:54:07.0,01/17,United States,Winona
4231338218414164,089680085922740,2014-04-16 08:12:22.0,05/16,United States,Burlington
4232502178358286,988666952112281,2015-12-29 03:19:27.0,01/16,United States,Roswell
4234748224095830,312072061198554,2011-10-27 06:14:37.0,02/16,United States,Gastonia
4237648081700588,008765307152821,2010-11-11 01:46:15.0,05/13,United States,Kenmore
4244926541901207,819373784375545,2016-05-03 11:36:55.0,04/17,United States,Hilo
4247253910869262,811881319215093,2013-10-24 03:59:54.0,03/15,United States,Apopka
4250028739827574,394067902581867,2015-07-01 04:37:14.0,06/17,United States,Santa Fe Springs
4254473646841464,037796181638648,2012-05-14 04:12:18.0,11/14,United States,Crystal Lake
4256656637307408,987837606639725,2012-10-05 06:36:37.0,10/17,United States,Roswell
4260601646597395,202625379288528,2011-03-14 09:16:02.0,01/17,United States,Kahului
4264553579186587,470021900536700,2016-01-16 09:14:16.0,01/17,United States,Farmers Branch
4265829080716842,309430839717554,2014-01-13 05:24:52.0,05/17,United States,Atlanta
4282522991228333,901602726793619,2011-12-07 11:29:13.0,02/14,United States,Lynnwood
4284040060392011,549976109993971,2010-11-21 00:04:26.0,08/14,United States,Chatsworth
4292753090004543,533190673531550,2014-01-28 08:57:07.0,12/14,United States,Auburn
4294314313531701,834989943531947,2012-08-29 08:20:14.0,03/15,United States,Port Angeles
4296140634812134,483600984351190,2012-12-26 11:55:38.0,01/14,United States,Tucker
4302943998655086,369764312368877,2013-04-08 03:43:15.0,03/17,United States,Nanuet
4311293461014703,247702476742435,2010-09-22 12:29:06.0,10/13,United States,O'Fallon
4311319523314086,574289073266908,2017-11-29 12:54:42.0,12/17,United States,Holbrook
4311357000935759,575423012255324,2012-05-03 03:12:29.0,11/13,United States,Merrick
4314008605559737,846409651699691,2014-05-20 11:58:14.0,12/15,United States,Sumter
4318541450654035,496612742732167,2011-11-22 00:10:03.0,07/12,United States,Poughkeepsie
4339485975491777,859688098996939,2010-03-19 04:15:45.0,11/13,United States,Lakewood
4341905447284548,931511600813414,2017-04-11 04:17:21.0,04/17,United States,Bay Shore
4353614029446427,865785753237116,2012-02-22 10:09:52.0,02/17,United States,Fort Bragg
4356201405998945,293293093818249,2015-01-13 09:48:02.0,11/16,United States,Bell
4365071287938445,805558895840096,2012-04-02 08:12:34.0,06/14,United States,Irvington
4367125470626536,179997837474045,2012-04-29 01:16:25.0,05/14,United States,Clinton
4367947038866522,803460509673263,2017-11-02 12:07:18.0,11/17,United States,Anchorage
4368575988240338,537866077819566,2014-11-30 11:51:03.0,02/15,United States,Cahokia
4373464339970856,353188612655228,2018-01-19 10:00:24.0,01/18,United States,Des Plaines
4380357644954006,012871894714576,2015-08-17 11:13:02.0,10/17,United States,Kennewick
4385223277731480,235383914499914,2017-12-13 07:53:26.0,12/17,United States,Troy
4389973676463558,295554828848966,2011-04-21 00:43:20.0,04/12,United States,West Springfield
4396925462537418,785176940444585,2015-12-09 06:36:50.0,12/15,United States,Sun Prairie
4397207630424731,625134957397872,2016-10-02 12:18:29.0,08/17,United States,Irving
4403085735771756,692507849787540,2011-04-30 00:02:21.0,11/16,United States,South Jordan
4403177363738387,900721547380232,2013-04-06 00:06:37.0,05/14,United States,Rosemead
4404471645429439,757321617179461,2016-12-23 11:08:21.0,01/17,United States,Natchitoches
4405971677755493,705874152124137,2014-04-29 00:29:38.0,07/14,United States,Lakeville
4407230633003235,761335698364860,2010-06-01 08:18:33.0,04/14,United States,Defiance
4407880230914463,224728911964737,2011-09-04 08:04:15.0,09/13,United States,Pleasant Grove
4411296946890133,229073492285200,2017-06-03 12:17:56.0,06/17,United States,Shaker Heights
4411472198246163,477341860526388,2016-05-08 03:49:30.0,02/17,United States,Severn
4416533767867617,513443391775047,2010-06-28 06:55:03.0,11/14,United States,Sandy Hills
4417800058722945,823000928279129,2013-11-19 08:16:25.0,07/17,United States,Buenaventura Lakes
4418227862530505,651536837442483,2010-02-27 05:14:56.0,05/10,United States,Palm Harbor
4439501833420177,064000396834270,2012-11-08 11:04:23.0,08/16,United States,Cumberland
4442008377066882,185702053301146,2015-01-19 02:22:54.0,07/15,United States,Glenvar Heights
4442710124832652,224814790205708,2013-12-05 09:21:43.0,05/15,United States,Lancaster
4443977873814533,565965079738460,2015-07-06 09:53:32.0,11/16,United States,Fremont
4445753717380470,631653271485996,2017-06-03 04:08:07.0,07/17,United States,East Cleveland
4446163202068268,366107196915063,2015-04-24 09:45:51.0,11/16,United States,West Sacramento
4454447481797880,865563535199365,2014-10-14 10:36:05.0,08/15,United States,Everett
4464704466589056,073782415605852,2012-10-19 06:03:46.0,02/17,United States,Florence
4474098233418402,367133528589767,2017-05-20 06:57:11.0,05/17,United States,South San Francisco
4482511371042362,665997088492282,2015-07-28 09:50:13.0,01/17,United States,Downers Grove
4484950467600170,570539968421790,2012-05-14 12:18:00.0,05/15,United States,Stillwater
4492848090158931,613838524128130,2016-03-03 09:54:08.0,03/16,United States,Denver
4492996315795951,626213673450614,2017-04-05 06:02:56.0,05/17,United States,Fond du Lac
4496946612224474,563948177095859,2017-08-09 05:01:13.0,08/17,United States,Riverside
4497473297865710,410608106805673,2010-09-09 02:14:07.0,06/13,United States,Gardner
4499265864169049,398992230138206,2017-09-25 04:20:23.0,11/17,United States,East Peoria
4500499651579063,982171321477033,2012-08-05 11:52:17.0,02/13,United States,Bloomington
4502008970767222,447545689128651,2017-11-18 11:58:46.0,11/17,United States,Silver Lake
4502225944209756,946057402887647,2013-02-14 01:47:53.0,08/15,United States,Ballwin
4514530683854555,962759723162726,2014-07-31 05:31:40.0,11/16,United States,Machesney Park
4519377299387785,890909531646258,2015-03-15 08:56:33.0,05/16,United States,Indian Trail
4529705382194205,827820174397822,2011-06-16 00:24:56.0,02/12,United States,Palm Coast
4530469269316897,155088914375037,2014-03-21 08:47:16.0,10/14,United States,St. Louis
4534262093720095,460107173182968,2013-07-28 02:45:09.0,05/17,United States,Land O' Lakes
4535465474161925,934918416953765,2013-03-01 06:01:11.0,12/16,United States,Wake Forest
4538028393235712,556910172610122,2017-05-27 04:07:49.0,06/17,United States,Randolph
4539744177029050,642560648641430,2014-08-19 10:02:44.0,02/16,United States,Hazel Dell
4540807128933493,241809163782996,2013-06-20 03:38:46.0,02/17,United States,Plainview
4544221210442486,198520095700000,2012-09-19 10:00:14.0,02/16,United States,Reading
4544901336867068,636359037160663,2012-06-11 04:21:06.0,04/14,United States,Elkton
4546430394425179,459011730675059,2014-04-19 01:27:23.0,09/14,United States,Euless
4549809189331980,385257186110912,2012-02-08 02:46:07.0,06/12,United States,Marquette
4552141762363568,712927054705331,2013-09-30 04:25:23.0,12/13,United States,Anthem
4553555943291845,408889475221501,2012-11-17 02:12:32.0,07/13,United States,Tempe
4566853351752365,208309336476264,2010-02-04 09:49:39.0,08/11,United States,Upper Alton
4571324075682075,191633600982412,2013-02-18 08:07:05.0,11/15,United States,Ankeny
4573337022888445,006991872634058,2013-12-31 01:27:14.0,02/14,United States,Rio Rico
4573831686695682,606899226218047,2010-03-15 02:48:46.0,10/16,United States,Post Falls
4573936539589519,950794854494229,2013-10-31 09:16:48.0,12/13,United States,Las Vegas
4574835645662294,234070132464900,2016-04-11 12:25:07.0,06/16,United States,North Bellmore
4577147178038935,687647060949283,2015-10-20 12:44:38.0,11/15,United States,Newark
4585242021970523,080004252385400,2018-01-29 12:54:10.0,02/18,United States,Dodge City
4585507001684561,447917467655871,2013-05-22 04:05:27.0,06/15,United States,Rockland
4586353565904288,947445762190536,2015-02-28 10:37:02.0,07/17,United States,Englewood
4591340227802631,568961612952189,2013-08-13 03:16:44.0,01/17,United States,Calverton
4591972398432267,455569342687068,2013-04-29 02:44:33.0,08/14,United States,East Cleveland
4593066224121489,110100522784085,2014-07-13 06:55:07.0,11/17,United States,Norland
4594214508054880,253513186971385,2014-04-23 06:41:39.0,09/14,United States,Pleasure Ridge Park
4598225659063187,377061427908552,2010-03-07 04:37:16.0,06/14,United States,Fort Hunt
4599707948756480,590646959017984,2015-12-06 03:39:12.0,08/17,United States,Wheaton
4600996294769125,641610955526739,2014-07-14 08:30:13.0,07/17,United States,Fort Leonard Wood
4602961819450997,664883873442667,2011-10-27 03:00:58.0,06/12,United States,Aurora
4603032655606974,397701010509989,2015-06-12 11:46:00.0,11/17,United States,Littleton
4615049063698332,280141783460915,2016-12-06 05:45:58.0,01/17,United States,Millcreek
4621825124121683,924869952220528,2018-01-12 05:24:59.0,02/18,United States,North Miami Beach
4625371899772166,306036466176496,2010-12-17 05:58:58.0,04/15,United States,Elmwood Park
4626036516871563,368918800369060,2013-09-26 08:45:38.0,04/17,United States,Layton
4628071276015497,186511661526015,2015-07-01 12:17:08.0,11/16,United States,Ilchester
4628862987162481,411052184253203,2014-03-14 09:23:07.0,03/17,United States,Redland
4629506290655223,696815964118312,2011-04-29 01:06:38.0,01/14,United States,Sanger
4639774182867649,121565329352738,2012-03-12 04:14:04.0,06/16,United States,Columbus
4640177921835892,354053654840963,2011-05-14 05:48:35.0,08/12,United States,Yuma
4664730916992291,582711066253951,2015-10-11 00:07:21.0,12/15,United States,Statesboro
4666293396972265,107578135636445,2014-03-28 00:53:12.0,01/15,United States,Merrimack
4666614632372095,801945925364946,2012-01-17 00:29:12.0,04/15,United States,New Philadelphia
4677336603605090,975111321017949,2013-02-09 06:56:56.0,09/17,United States,Binghamton
4687130398673191,630556718496462,2011-08-19 01:55:17.0,05/16,United States,Douglas
4689314809377828,260262056535812,2010-02-08 11:05:31.0,03/14,United States,Asheboro
4693491050371397,792239568524746,2016-05-07 08:03:21.0,11/17,United States,New Berlin
4695585177578418,418474449972087,2011-05-02 00:05:10.0,04/13,United States,Mount Laurel
4701470098389678,190284558799229,2017-09-07 08:51:12.0,09/17,United States,Del City
4706324468609279,949754563622638,2018-01-24 09:42:06.0,01/18,United States,Los Gatos
4708912758619517,007955566230397,2018-01-02 11:24:04.0,01/18,United States,Fond du Lac
4719418574936017,500004043659347,2010-04-04 10:18:09.0,01/15,United States,Parker
4719904679307808,639243939446237,2012-01-08 02:53:12.0,04/14,United States,Moorpark
4725819476071294,512243262993701,2015-03-21 02:46:48.0,10/15,United States,Scottsbluff
4728422281096767,777810433252211,2013-04-26 04:11:38.0,05/15,United States,Milwaukie
4729800865779891,298189603278054,2013-05-20 04:57:48.0,11/13,United States,Bristol
4732426954447680,019999364464243,2014-10-06 09:13:49.0,06/17,United States,Gary
4738977471328351,988661034778977,2016-03-09 06:36:56.0,03/16,United States,South Whittier
4740814526134581,169396581652184,2012-10-10 01:40:04.0,08/15,United States,Roselle
4748267598409435,547579169450143,2015-12-27 12:32:40.0,03/17,United States,Jackson
4750357279980443,888609174462104,2011-03-13 08:09:00.0,05/15,United States,Gretna
4750699680073601,677295725087734,2017-07-07 06:56:50.0,07/17,United States,Punta Gorda
4752997028567419,100987630377076,2016-12-27 04:29:51.0,11/17,United States,South Valley
4758574675978399,961474366479954,2010-11-19 03:45:20.0,03/16,United States,Lawrenceville
4766513674065931,063787588510857,2014-02-26 00:00:45.0,09/15,United States,Mountain Top
4766789897935106,689962742364435,2016-03-16 08:14:45.0,02/17,United States,Champlin
4780428698890762,659552105650026,2017-08-06 07:18:51.0,08/17,United States,Tigard
4782879464621468,257134899293254,2010-11-26 00:47:03.0,06/17,United States,North Babylon
4783847711916105,787557201602312,2010-06-29 10:23:59.0,07/17,United States,Metairie
4784062170213346,236739198676495,2017-08-30 06:21:39.0,11/17,United States,Fairhaven
4791509843869434,387410212997317,2010-10-11 07:46:06.0,05/14,United States,Darien
4794825952312322,229469379413839,2014-08-15 05:24:51.0,11/15,United States,Goose Creek
4795844193055110,011716573646690,2017-08-05 01:34:55.0,08/17,United States,Canton
4806465615271486,714480135257780,2011-06-30 02:48:31.0,06/17,United States,Greater Northdale
4808053160792581,642694314526980,2014-02-28 06:42:21.0,05/17,United States,Metairie Terrace
4814251740035297,591828214067311,2016-10-23 09:04:13.0,11/16,United States,Brookfield
4818950814628962,819006616594636,2013-05-21 06:43:51.0,10/16,United States,Gadsden
4835462253000421,885155872186434,2011-06-14 05:18:10.0,10/16,United States,Cameron Park
4838289241690162,081706081272572,2016-03-12 03:03:38.0,03/16,United States,Farmington
4843427671707568,589894536471608,2014-06-18 00:21:34.0,07/14,United States,Parole
4851468805032068,493625663564055,2016-06-26 06:04:16.0,12/16,United States,Pleasantville
4854079029938258,973974062665904,2012-04-11 06:34:47.0,09/12,United States,Richland
4855193368821345,922330731113010,2010-07-21 07:27:50.0,09/15,United States,Woodstock
4857664435745632,142945520507466,2010-11-20 04:43:29.0,11/15,United States,Livonia
4863127030291206,788334823140096,2012-12-01 08:38:19.0,03/16,United States,Warren
4863838117519042,354498837383053,2012-08-29 06:56:29.0,11/14,United States,Milton
4865556006187980,454102358826314,2015-03-26 07:02:12.0,07/16,United States,Stevens Point
4865944762532039,325371302459437,2012-12-10 07:21:07.0,01/16,United States,Oildale
4867984398917277,586119531462184,2011-04-11 10:17:16.0,03/17,United States,Alhambra
4874129402761250,263937264010095,2012-06-18 11:03:28.0,11/13,United States,Highland
4877961603808028,015235737327750,2013-10-24 06:35:08.0,06/16,United States,Cedar Park
4878073003907787,637838534097211,2015-07-13 05:26:35.0,05/17,United States,Middleton
4880555792918633,531848392935829,2016-03-10 03:04:19.0,03/16,United States,Willowbrook
4880612947522735,206131386563875,2016-01-24 06:44:19.0,02/16,United States,North Chicopee
4882321366196223,822695602500383,2014-11-03 06:50:56.0,12/15,United States,Brushy Creek
4884675916388749,513414828226110,2015-05-20 00:33:53.0,07/16,United States,Ives Estates
4891838602531227,642910589182890,2016-09-06 10:25:30.0,07/17,United States,Floral Park
4896964381099668,726685231196584,2014-05-03 05:03:20.0,06/15,United States,Herriman
4898696025347073,166902192940058,2013-05-09 10:54:53.0,08/13,United States,Woodridge
4900158284738613,711800276404440,2016-12-17 11:11:57.0,11/17,United States,Alhambra
4901426498591733,136387840778025,2011-02-23 01:03:16.0,06/16,United States,Milton
4903163541070948,612593201449520,2013-09-15 12:06:46.0,04/15,United States,Thomasville
4907100519309672,969487914528875,2016-06-09 05:00:20.0,05/17,United States,Dania Beach
4907253800863053,723132659200637,2016-10-18 04:01:16.0,11/16,United States,New Hope
4912283317328855,523530339460323,2011-10-09 06:14:41.0,03/17,United States,Marietta
4920755586724203,209830565616991,2012-02-23 06:11:50.0,11/13,United States,Billings
4922731045342885,431775387181719,2015-06-14 06:51:04.0,12/15,United States,Goleta
4928199446833106,066030084662536,2013-03-05 12:45:59.0,02/16,United States,Holbrook
4929190345147168,445538147892853,2017-11-24 12:43:12.0,12/17,United States,Laconia
4930673611522278,460126829767155,2012-12-12 07:46:15.0,05/17,United States,North Las Vegas
4931975593128043,254848992952422,2017-08-02 08:25:18.0,08/17,United States,Rosemount
4934097515281524,094406728331156,2014-10-27 01:51:35.0,11/14,United States,Chanhassen
4936690463186154,392379040398267,2013-02-04 11:20:35.0,04/16,United States,Clarksdale
4938151621292721,416816250750269,2010-04-20 00:02:58.0,05/15,United States,Washington
4966089071627480,357036541566885,2015-11-18 04:33:54.0,09/17,United States,Smyrna
4966313595240020,179526511827738,2012-04-02 12:30:06.0,12/14,United States,Temecula
4971181862764011,985095728641698,2010-08-21 00:00:56.0,05/12,United States,Centerville
4981548424137027,996411635289270,2011-11-24 10:13:31.0,11/15,United States,Bartlesville
4983470061480081,419222923319280,2017-02-18 06:06:15.0,10/17,United States,Americus
4989696754034686,784313932207844,2013-02-14 12:31:24.0,11/15,United States,Anderson
4993382036711870,960668050548265,2016-10-13 00:52:53.0,10/16,United States,Redwood City
4995478705000641,733662898760334,2015-07-16 04:30:03.0,03/17,United States,North Chicopee
5100898507233430,553153400607184,2015-07-22 08:44:30.0,09/17,United States,North Massapequa
5103038740316240,685211880997828,2011-01-04 12:51:57.0,07/11,United States,McMinnville
5104589972508085,631972528657174,2011-06-01 07:02:38.0,10/14,United States,Harvey
5107904414514251,581311684648403,2010-12-27 04:31:51.0,07/17,United States,Evanston
5115273575078211,992104321998571,2010-02-13 10:42:05.0,07/12,United States,Springville
5115488257114932,893902789721340,2012-06-03 06:52:27.0,03/13,United States,Alafaya
5116700372358262,622674453932993,2010-07-28 03:02:31.0,06/13,United States,Silver Firs
5117611358343682,281097773488044,2016-10-10 05:25:07.0,10/17,United States,Saginaw
5118161240501690,102055307281686,2016-05-05 02:46:15.0,04/17,United States,Woodland Hills
5120797095760489,100069182305351,2016-02-08 09:21:18.0,09/16,United States,Millville
5124761075736311,379487200295529,2015-07-08 06:22:35.0,02/16,United States,Lisle
5127318999406559,391603008295007,2013-05-02 08:34:13.0,12/15,United States,East Hemet
5127633086365280,274292836042685,2017-07-30 07:44:04.0,08/17,United States,Chicopee
5131732061043047,072176661602312,2013-07-05 11:55:45.0,10/13,United States,Madison
5134334388575160,978465390240911,2012-10-17 11:55:14.0,07/14,United States,Kankakee
5134479292018417,209432990940681,2017-10-27 03:48:36.0,11/17,United States,Jasper
5136319769899261,858469490248492,2012-12-30 09:14:44.0,03/16,United States,Addison
5137733204831953,049933838271082,2016-01-02 06:15:38.0,11/16,United States,Richmond
5140973081437202,506019480643666,2014-02-16 09:38:01.0,09/14,United States,Wolcott
5141152908110743,136578484067778,2013-08-06 10:19:21.0,09/17,United States,Bellwood
5141224133922208,806363737470720,2014-12-18 02:28:18.0,04/17,United States,West Chicago
5145046887951901,686477599410843,2010-12-03 00:49:30.0,12/14,United States,Elko
5146507357156460,226691135087628,2010-12-16 06:29:50.0,11/16,United States,Maricopa
5147189362741898,384113677556249,2016-04-07 07:19:24.0,05/16,United States,South San Jose Hills
5147294104111440,321817442497780,2012-02-15 00:30:00.0,05/16,United States,Mount Juliet
5152216287869314,361975120950522,2011-06-10 09:20:15.0,10/15,United States,Asheboro
5155306014315751,403808871228232,2011-10-08 01:20:27.0,02/16,United States,Centereach
5155708512920844,300213121454267,2013-12-01 09:57:17.0,03/16,United States,Olympia
5159806837821238,284851284361821,2010-07-05 06:30:14.0,06/17,United States,Sudbury
5160861004042149,216981468387488,2016-12-27 04:20:26.0,08/17,United States,Greenburgh
5162808285745682,990571384923260,2013-04-19 07:15:36.0,12/14,United States,Norwood
5164350576074967,461705234577914,2013-12-02 00:54:08.0,04/16,United States,Norwalk
5164771396791995,011877954983420,2017-08-09 04:04:51.0,09/17,United States,South San Jose Hills
5164820365443847,125985619561923,2012-10-01 11:10:35.0,11/12,United States,Syracuse
5169554853813584,590915842438624,2012-04-29 06:04:18.0,10/13,United States,Spanish Fork
5170378912309021,043536028850982,2010-11-04 02:28:09.0,08/15,United States,Eagle River
5171544654452712,554475478565710,2016-09-24 03:54:12.0,12/16,United States,Chickasha
5171696819658029,575402882288870,2016-06-18 01:39:30.0,07/16,United States,Paducah
5173634837993159,801323392405309,2014-04-26 11:54:01.0,11/16,United States,Hallandale Beach
5175055180166201,689714705796007,2017-09-24 12:41:29.0,10/17,United States,Laurel
5175735819607028,227686059795799,2018-01-30 10:27:07.0,02/18,United States,Pocatello
5179234518379853,470988893348574,2013-12-29 11:26:00.0,07/16,United States,Starkville
5179654901065191,583383425713589,2016-03-31 06:13:56.0,11/16,United States,Corinth
5179670368627877,407740000018469,2016-04-12 12:15:19.0,10/17,United States,Smithfield
5181761133579497,944320701432332,2015-01-03 01:49:08.0,05/17,United States,Manchester
5183023558492716,926999006191818,2011-11-02 01:18:15.0,01/13,United States,Russellville
5183685760646758,157527698017173,2010-12-25 10:16:04.0,11/12,United States,Aliso Viejo
5183877855459201,653268368091210,2011-09-27 12:54:39.0,12/13,United States,Houma
5186615811954262,856722666618984,2010-08-29 07:48:47.0,11/17,United States,Barnstable
5189508376741603,106247026793493,2016-11-03 10:23:11.0,11/16,United States,Sun City Center
5189563368503974,000117826301530,2013-03-09 04:41:33.0,04/15,United States,Medina
5190676228915324,468883045299023,2015-07-01 07:34:08.0,07/16,United States,Land O' Lakes
5192408891424105,905546901261732,2017-04-05 02:48:10.0,09/17,United States,Aurora
5192453899317992,466312594792676,2011-02-20 11:18:06.0,09/16,United States,Ashland
5195270197191862,311604846516167,2012-09-11 08:07:12.0,07/13,United States,Asbury Park
5196689223018436,666281652647001,2012-09-25 09:44:21.0,08/16,United States,Hyattsville
5199668505923429,479566595864970,2014-10-20 08:29:43.0,11/16,United States,Odenton
5204123273729700,133086195760104,2012-06-07 06:37:17.0,12/14,United States,Paradise
5205820663774258,423706954444485,2015-01-17 00:59:07.0,09/16,United States,Azusa
5208258977394132,096995058397430,2017-06-13 00:28:28.0,07/17,United States,Pine Hills
5208315353552491,611928686513146,2013-11-17 08:35:31.0,11/16,United States,Erlanger
5208579982289235,590929813231899,2011-09-07 02:59:42.0,03/15,United States,Shelby
5208913608059252,663101389981298,2016-12-30 11:58:23.0,09/17,United States,Anthem
5211331689203399,610847029159666,2015-08-25 02:52:34.0,09/16,United States,Hickory
5211789892119498,781391063285772,2017-11-28 05:28:27.0,12/17,United States,Indian Trail
5218975136635638,858500181320165,2011-01-03 10:31:47.0,08/16,United States,Rancho San Diego
5219257261928206,275375204197855,2016-01-25 11:03:40.0,02/16,United States,Bozeman
5221159076474119,316379105265189,2014-04-01 09:21:01.0,11/15,United States,Baytown
5221181828348995,941075038815842,2017-10-20 11:31:03.0,10/17,United States,Foothill Farms
5221229593682054,762245749302598,2016-02-29 10:17:37.0,04/16,United States,Yucca Valley
5226069160942563,346190108951174,2018-01-30 09:28:49.0,02/18,United States,Bartlett
5228124043987430,608328339275171,2012-10-14 11:15:05.0,11/16,United States,Shelby
5229288701542966,225548172189760,2012-08-23 09:29:18.0,02/16,United States,Evansville
5229376184398665,696568619010865,2014-01-03 04:29:53.0,09/14,United States,Spanish Lake
5230607309741430,273403913530198,2010-10-21 11:01:49.0,04/11,United States,East Independence
5231456036333304,779569633553855,2014-06-12 02:07:55.0,11/14,United States,Sayreville
5232083808576685,845709921953675,2015-08-20 01:04:04.0,03/16,United States,Pompano Beach
5232271306465150,320981037150299,2015-12-30 07:58:03.0,03/17,United States,Calumet City
5232695950818720,659484186159284,2013-04-20 06:30:18.0,06/13,United States,Henderson
5239380866598772,107741451277619,2012-04-03 00:51:46.0,12/12,United States,Millcreek
5242841712000086,197953034301120,2012-12-26 07:48:43.0,07/14,United States,Canton
5249623960609831,981612675682175,2017-05-29 02:58:41.0,06/17,United States,Marlborough
5252551880815473,356544959463542,2016-12-13 10:06:57.0,01/17,United States,East Point
5253084214148600,601562328078039,2011-03-26 01:11:09.0,06/12,United States,Fresno
5254025009868430,793458685707220,2015-05-25 10:29:30.0,08/15,United States,Seabrook
5256092907934761,584010442835808,2012-08-16 03:11:05.0,04/17,United States,Redwood City
5257502990314019,205172644364018,2010-12-02 10:09:28.0,10/14,United States,Jackson
5258095619226135,479916651076477,2017-01-15 01:43:42.0,11/17,United States,Severna Park
5259407787026917,663337982780179,2010-07-26 02:38:09.0,03/14,United States,Gallup
5259589583078695,183404760279083,2014-09-18 06:33:04.0,02/15,United States,Corona
5261344433828352,410054327737007,2011-02-25 07:15:31.0,11/17,United States,Madisonville
5262267934124477,302832413265240,2015-08-19 01:00:52.0,10/17,United States,Portsmouth
5263774491002052,839657476181015,2015-02-23 05:42:14.0,05/15,United States,Sarasota
5266991434390355,833333523281021,2013-09-30 04:26:00.0,05/17,United States,Floral Park
5268962560660851,044716965455432,2014-01-25 07:35:04.0,11/14,United States,Colleyville
5269725031956045,485996380513111,2014-11-29 03:19:29.0,01/16,United States,Dublin
5271320386643574,991784667284668,2014-12-11 06:38:17.0,12/16,United States,Henderson
5282377934400920,649011430144720,2016-02-25 05:22:06.0,03/16,United States,Syracuse
5284175522526975,413021843879928,2016-01-11 09:04:53.0,01/16,United States,Culver City
5284859581817181,311591275666444,2011-10-17 03:23:55.0,11/16,United States,St. Louis
5285400498362679,978786807247400,2014-01-08 03:31:52.0,06/15,United States,Fallbrook
5287715533395691,175416917349709,2014-07-23 08:28:31.0,11/17,United States,Escondido
5289969859649714,989548647998824,2010-02-24 02:06:19.0,10/10,United States,Highlands Ranch
5292351415367286,687121953487655,2010-03-27 00:10:55.0,11/16,United States,Big Spring
5294481722658115,346843579979099,2014-07-20 01:41:19.0,06/17,United States,Baldwin Park
5294592751808411,809518123791925,2015-08-29 01:56:02.0,01/17,United States,Placentia
5294716362416849,276233233224716,2011-01-05 09:38:47.0,07/13,United States,Covina
5299801391216322,153755706358463,2015-07-09 06:20:53.0,09/17,United States,Carteret
5300868809771757,374629449245268,2018-02-01 08:02:34.0,02/18,United States,Jackson
5309060557968733,867154068331056,2013-01-15 12:31:22.0,06/17,United States,Tallahassee
5309145928214329,774844590635935,2015-07-18 03:48:25.0,02/16,United States,Waldorf
5316831626197194,482287304823134,2012-09-03 00:02:17.0,06/13,United States,Belleville
5317500696302930,705889552792986,2013-07-18 09:25:52.0,11/13,United States,Vero Beach South
5318585357625843,745833061184829,2011-08-28 12:53:12.0,01/15,United States,Acton
5318855243541094,380850342361747,2012-02-09 01:47:46.0,12/15,United States,Griffith
5319958914579630,697852935320569,2010-05-12 01:05:51.0,11/16,United States,Bountiful
5326488224509995,668851449105845,2013-09-18 03:57:28.0,12/16,United States,Lima
5326648635696091,770789798418488,2014-01-22 05:29:38.0,12/16,United States,San Carlos
5327548911559063,129012920439876,2010-12-07 02:56:56.0,09/13,United States,Wheat Ridge
5329578723941900,504831423391637,2016-04-08 02:09:24.0,06/16,United States,Yukon
5330079608360537,907831412098977,2014-11-25 12:20:15.0,11/15,United States,Gaithersburg
5336680949397908,790155856568421,2017-06-20 02:05:33.0,07/17,United States,Griffith
5341963603599990,279583304905721,2012-05-13 00:46:52.0,07/14,United States,Tinley Park
5342400571435088,008732267588672,2014-07-08 07:59:52.0,03/15,United States,Dinuba
5343422029247948,910294764593739,2010-10-25 03:11:40.0,03/15,United States,Brownwood
5343954668572855,950137820005275,2011-09-13 12:39:35.0,11/16,United States,Morton
5347795209930318,759563212896397,2013-08-03 12:44:19.0,12/14,United States,Cedar Park
5348260893635482,332208558426670,2017-12-03 06:16:46.0,12/17,United States,Laconia
5359301116643451,701023234145231,2010-12-25 09:33:04.0,01/15,United States,Sunset
5360062424232117,895011420197476,2017-01-16 10:48:20.0,09/17,United States,Oregon
5367562879696867,176540193840158,2013-12-29 07:28:11.0,02/17,United States,Edgewater
5368134887701169,558250174480878,2015-03-06 11:25:13.0,09/16,United States,North Charleston
5369745659282556,097250130067887,2011-04-11 00:23:49.0,10/15,United States,Newberg
5370566132171407,758447599565290,2013-07-19 02:29:14.0,08/17,United States,Fruit Cove
5371878409743134,588717147170071,2012-02-05 06:37:53.0,04/17,United States,Eden Prairie
5373249822847795,069572498032990,2013-12-29 09:25:32.0,10/16,United States,Trussville
5378541629640539,371773788317843,2013-07-21 06:40:43.0,07/16,United States,Navarre
5379610024035907,012731668664932,2010-07-21 06:10:28.0,07/14,United States,Hattiesburg
5379706774109890,143678980030775,2014-10-17 00:05:54.0,03/15,United States,Blaine
5380072688020054,036571958569825,2013-11-10 03:36:34.0,05/17,United States,Hilton Head Island
5380172383880271,141739589513805,2011-03-31 02:40:13.0,11/16,United States,Ponte Vedra Beach
5380978184175608,291607862803202,2011-02-28 09:46:55.0,09/15,United States,Murrysville
5381466904123396,550262364037847,2015-03-12 04:26:36.0,03/15,United States,Denton
5384564750667727,812346887175834,2012-03-16 03:01:40.0,10/12,United States,Columbia
5389269475201316,522950226296414,2017-02-07 01:01:03.0,09/17,United States,Draper
5391723993945313,997128952368160,2017-02-18 10:16:18.0,11/17,United States,Lake Charles
5392439020331265,937831653555995,2014-04-14 12:58:32.0,04/17,United States,Parma Heights
5392762492714233,586163875558284,2016-08-04 01:46:27.0,09/17,United States,Morgan Hill
5397412643360495,944878198333079,2015-09-12 08:19:14.0,03/17,United States,Milton
5399715069800093,994983851226493,2015-03-26 07:18:18.0,06/17,United States,Fair Lawn
5400249950855567,264592094243849,2015-05-07 03:47:36.0,01/17,United States,Newport
5400251558458125,006836124210484,2014-03-25 03:03:30.0,09/17,United States,Indian Trail
5400745475361353,969848208043171,2012-02-17 03:20:45.0,08/13,United States,Rosamond
5402867499953631,072746482447040,2010-04-24 01:30:44.0,02/15,United States,Trotwood
5403923427969691,922077754605834,2010-04-06 12:03:20.0,10/11,United States,Bentonville
5407073344486464,001147922084344,2014-06-06 06:13:06.0,06/15,United States,Watertown
5411141346922507,345869847199606,2014-01-11 05:07:04.0,11/16,United States,Sandy Hills
5411856842735919,558289402758917,2012-08-08 06:13:56.0,05/15,United States,Newburg
5413376562421754,224485269692993,2011-06-14 11:17:55.0,03/12,United States,Germantown
5413823637947883,253129390757727,2016-03-21 00:28:36.0,07/17,United States,Palm Beach Gardens
5414439899219272,948599790329037,2015-10-16 08:24:54.0,01/17,United States,Harrisburg
5415664587342255,123729424188821,2012-10-04 06:18:58.0,08/13,United States,Panama City
5417645373480738,818315552709055,2010-08-25 07:44:36.0,12/14,United States,Chalmette
5418001669495759,539650428173807,2010-03-21 08:44:08.0,11/14,United States,Bayonne
5421435929846325,465540598438737,2017-06-17 07:28:31.0,07/17,United States,Muskego
5423035333498636,811192035789608,2014-08-05 11:40:21.0,12/14,United States,Kneohe
5423537685380858,925140912432821,2017-06-08 00:48:29.0,07/17,United States,O'Fallon
5423921058459194,012390918683920,2016-07-26 10:42:02.0,03/17,United States,Eastlake
5424592553128409,162204932240447,2012-11-10 09:28:34.0,07/13,United States,Affton
5430857369435104,169147732036062,2018-01-23 05:44:57.0,01/18,United States,Troy
5442762784886111,717229443942383,2016-12-29 07:00:37.0,04/17,United States,Lynn
5447036761675606,277872408471645,2016-05-22 05:30:04.0,08/16,United States,Westport
5447253073779618,044484418172299,2017-01-12 04:46:24.0,02/17,United States,East Millcreek
5452205273092186,037702394018754,2010-03-08 10:50:33.0,08/14,United States,El Segundo
5454973817468083,856200722370067,2013-03-18 04:18:52.0,10/13,United States,Marina
5455498025061222,642644320965176,2011-10-06 01:45:05.0,04/17,United States,Schofield Barracks
5462457589398710,198169089087246,2017-07-27 01:53:18.0,07/17,United States,Roseville
5464688416792307,434792568351651,2014-04-18 12:14:53.0,05/16,United States,Merced
5465770171080208,704380331404942,2010-08-04 06:09:33.0,11/16,United States,Murray
5467032061889224,266117328572062,2011-01-08 01:11:36.0,08/13,United States,San Francisco
5473624776036208,667848708549130,2011-01-08 07:21:53.0,09/17,United States,Northridge
5481808794715436,689827807258904,2014-12-13 11:13:02.0,04/16,United States,South Gate
5487003631344145,161956665182273,2010-02-17 10:41:21.0,06/12,United States,Riverton
5487718536344466,152866441901066,2012-05-05 11:22:23.0,10/17,United States,Miami
5490971443174113,787237318722473,2014-07-13 00:12:19.0,09/14,United States,Paso Robles
5491709287669494,609891689283552,2014-01-12 01:58:03.0,05/15,United States,Mustang
5494950116628858,381798927825193,2015-03-30 11:44:34.0,03/17,United States,Havelock
5495445301620991,009873334520465,2010-09-10 00:16:16.0,05/11,United States,Conway
5502870447819838,286497354991840,2011-09-15 08:50:16.0,02/13,United States,Asheboro
5503772679920988,894977025909859,2016-04-25 00:04:16.0,05/17,United States,Cherry Hill
5504375630344543,753035962082536,2013-04-06 01:41:25.0,06/17,United States,Gardena
5508842242491554,634200295989311,2016-08-11 01:06:19.0,08/16,United States,Limerick
5511113187424132,657771368938720,2012-07-28 05:45:03.0,08/17,United States,Holt
5515987071565183,004494068832701,2012-10-14 03:21:12.0,07/13,United States,Estero
5517057937158439,825723134759441,2010-06-24 09:55:40.0,11/16,United States,Rio Rancho
5517690092508277,895174073192784,2010-11-02 00:32:10.0,04/12,United States,Moline
5520691299332755,521369324822210,2011-12-30 02:43:23.0,03/12,United States,Salem
5527087716468343,632873590564801,2010-09-23 04:19:57.0,12/15,United States,Catalina Foothills
5528393561307415,968841396435087,2012-11-05 00:05:33.0,04/16,United States,Azusa
5531958911612519,122439408333538,2012-09-23 07:11:16.0,07/16,United States,Rocky River
5532271262184529,288869694858514,2012-09-14 07:22:58.0,10/12,United States,Waverly
5533999010176442,909544552494902,2014-11-30 12:05:08.0,11/16,United States,Banning
5534323829711423,527609877473344,2015-02-20 06:18:44.0,06/17,United States,Homewood
5543219113990484,501241235491851,2010-05-22 09:57:18.0,01/16,United States,Eden Prairie
5544977059564550,711292284711515,2010-04-07 09:58:42.0,03/14,United States,Burleson
5554222726753766,340979314927385,2014-06-09 11:15:03.0,09/16,United States,Fillmore
5555584152987559,671218347984960,2013-06-13 03:28:14.0,02/15,United States,Southfield
5556101232887623,191035136898827,2014-06-16 10:36:38.0,01/16,United States,Del City
5556186648549560,798053888675530,2017-05-07 05:46:27.0,11/17,United States,Secaucus
5560553892650382,238465262102793,2015-04-14 05:21:19.0,08/16,United States,Sherwood
5563292710804718,717127477091175,2014-10-26 10:47:01.0,09/16,United States,Tupelo
5565261168536856,593121066644433,2010-04-25 03:16:05.0,08/15,United States,Lakeville
5572427538311236,976740397894598,2014-12-15 08:06:58.0,01/16,United States,Tonawanda
5573293264792992,350307876868039,2016-10-01 09:54:43.0,08/17,United States,Orange
5573406918741807,241959641804987,2011-12-30 05:38:51.0,11/15,United States,Hagerstown
5573765482062308,915149603043840,2016-08-08 00:17:32.0,08/16,United States,Lake Charles
5575876010722616,224096153752221,2017-11-10 02:03:38.0,12/17,United States,Lansing
5576498057104704,750704652381015,2016-09-22 12:38:42.0,10/16,United States,Wasco
5580876732299987,767060856628529,2011-12-01 12:31:22.0,06/12,United States,Durango
5584977018799504,765899764905555,2010-12-27 12:09:04.0,03/16,United States,Alamogordo
5585111968585833,976362362966586,2014-09-10 05:06:17.0,01/15,United States,Forest Grove
5585834909430369,967178079563493,2010-09-17 08:37:31.0,05/11,United States,Wake Forest
5589613730225354,054411454572492,2017-05-12 11:03:54.0,06/17,United States,North Bellmore
5590429016119931,400469238408077,2012-01-31 10:58:08.0,11/16,United States,Tiffin
5593557806955291,674219790401435,2013-09-20 06:15:16.0,09/15,United States,Roseville
5593807230156945,595938183376970,2014-12-18 00:21:08.0,02/16,United States,Palmer
5594912773065625,554119943804330,2011-10-15 07:50:37.0,06/17,United States,Montebello
5595273277507573,262824903276197,2017-11-15 07:27:29.0,12/17,United States,Franklin
5596710122356317,735012662601476,2017-12-22 01:49:02.0,01/18,United States,Greenville
5599665135166284,607780815525988,2010-02-16 10:41:06.0,06/13,United States,Granite City
6011005449027922,275480364496103,2017-12-24 10:16:13.0,01/18,United States,Kansas City
6011013642982380,604816191101766,2012-12-07 03:23:49.0,11/13,United States,West Covina
6011015243296359,338015112354585,2013-03-01 07:56:15.0,12/13,United States,Hanahan
6011027251671860,042080262997009,2016-03-29 12:57:46.0,03/17,United States,Helena
6011040900033077,527444554424103,2017-06-04 10:50:03.0,10/17,United States,Midland
6011074061403654,052525275560390,2012-04-20 07:09:57.0,10/13,United States,Dickinson
6011080044360390,198328092348142,2010-07-13 12:50:57.0,07/15,United States,Greenwood
6011082928436197,069021032902949,2012-12-21 09:04:25.0,01/14,United States,Kiryas Joel
6011107248399542,541681172254066,2017-09-24 12:00:05.0,10/17,United States,Frederickson
6011130605694487,540129611807428,2016-07-13 08:46:48.0,08/16,United States,Cockeysville
6011139413319542,582288628480057,2012-03-02 01:44:02.0,06/13,United States,Mahwah
6011140597235389,354088451905214,2010-05-19 02:29:20.0,01/17,United States,Saint Charles
6011188111705767,928749118698194,2012-12-29 08:56:43.0,07/13,United States,Altamonte Springs
6011250057757770,212263123523016,2017-08-28 08:34:17.0,09/17,United States,Greenville
6011250979849549,214899445299711,2011-12-26 12:02:10.0,02/16,United States,Novato
6011265661989692,951165536673465,2015-12-19 02:49:56.0,08/16,United States,State College
6011266439728289,441201737586424,2016-01-05 01:40:55.0,02/16,United States,Weston
6011273561157733,314862932674883,2016-11-23 10:50:29.0,05/17,United States,Merrimack
6011289432864968,726015889725417,2011-09-11 08:53:14.0,11/15,United States,Mehlville
6011307798878107,942924429751390,2012-01-18 08:33:20.0,02/14,United States,Saint Cloud
6011354537764214,932078603310241,2010-03-13 02:29:55.0,06/14,United States,Belvidere
6011360590634368,949091376725384,2011-05-08 03:58:49.0,02/13,United States,The Villages
6011373389875118,104506855896536,2011-09-22 08:14:42.0,11/14,United States,Pickerington
6011393511340260,148017112689641,2015-11-01 09:20:31.0,09/16,United States,Cathedral City
6011402072892740,080049922834152,2016-09-14 01:47:43.0,09/16,United States,Loveland
6011402408352146,909169883621489,2012-10-27 03:51:55.0,07/17,United States,Clinton
6011464322108236,602418142491101,2011-12-23 11:30:09.0,11/14,United States,Lewiston
6011495413045283,418524316839580,2016-04-24 08:55:43.0,06/17,United States,Arnold
6011525010455848,538555213501198,2013-03-22 04:54:07.0,10/16,United States,Zion
6011534680759950,804270361036691,2015-03-12 07:23:15.0,03/15,United States,Appleton
6011544071439690,583773644956274,2012-02-12 06:04:37.0,06/15,United States,Havelock
6011568812973659,460960552949868,2013-10-01 08:58:51.0,04/16,United States,Goodyear
6011585284691122,181044799980659,2013-02-22 08:36:52.0,07/15,United States,Benicia
6011590374869018,430132783620523,2017-01-10 01:16:32.0,02/17,United States,Broomfield
6011601917029026,914857157322647,2010-11-12 06:06:39.0,05/13,United States,Valrico
6011612323168241,869816247200937,2015-07-24 11:52:32.0,10/16,United States,Brownsville
6011613425342619,328046123254054,2011-03-30 11:42:04.0,03/15,United States,Rancho Santa Margarita
6011615400262373,555712485212634,2017-01-17 08:45:29.0,01/17,United States,Clarksville
6011624834798192,333302923096324,2014-03-11 11:25:40.0,09/17,United States,Mount Juliet
6011631462493236,895800635335665,2017-11-17 07:24:59.0,12/17,United States,South Yuba City
6011646222172425,101063084513391,2011-09-12 01:11:04.0,02/12,United States,Battle Ground
6011652273525438,531762139886745,2011-08-24 06:13:32.0,08/14,United States,Whitehall Township
6011654527329500,375050918473664,2010-09-28 10:57:04.0,07/15,United States,Goodings Grove
6011682648466984,548071533429806,2016-10-02 06:30:26.0,05/17,United States,Shively
6011706374151856,199243620982420,2017-10-31 06:22:55.0,11/17,United States,Fairfield
6011740360743178,066377656985754,2012-04-28 00:33:05.0,06/17,United States,Montclair
6011759165664934,081324940862339,2013-08-30 07:31:37.0,11/15,United States,Keene
6011780257723719,375074037012431,2010-09-29 09:28:44.0,09/11,United States,Delano
6011782857327719,969966222267715,2016-09-14 07:59:04.0,10/16,United States,Sioux Falls
6011795048884331,813301323846162,2012-03-10 02:32:44.0,07/15,United States,Sumter
6011798606614876,557509021984037,2017-04-02 07:40:31.0,04/17,United States,Southglenn
6011805586875078,040322892171177,2015-02-23 06:37:30.0,01/17,United States,Shrewsbury
6011866565714258,782507033974057,2011-07-11 10:37:01.0,04/14,United States,Kenmore
6011920259166638,190431255542160,2016-12-28 07:18:14.0,01/17,United States,Shrewsbury
6011920623387365,421308864367180,2016-11-29 05:11:43.0,05/17,United States,Chicopee
6011938409004772,577907767500023,2014-06-30 05:26:24.0,08/14,United States,Goshen
6011980249342475,278094439476476,2017-04-13 11:16:22.0,10/17,United States,Eagle Pass
6011985140563103,393165367933607,2016-11-03 02:58:48.0,06/17,United States,Bourbonnais
6011989509446330,015509173543086,2010-11-14 11:15:40.0,03/14,United States,Ada
6011996512032718,144826315600898,2013-12-04 01:46:49.0,09/17,United States,San Clemente
6221356726791623,198073245295889,2015-10-27 01:08:49.0,04/16,United States,Westmont
6221476838539775,342935664009828,2012-05-16 03:56:24.0,07/15,United States,Klamath Falls
6221647409661483,366160145736364,2014-04-27 12:06:58.0,07/15,United States,Brookline
6221655501837596,301156816297964,2014-08-17 03:05:04.0,09/16,United States,Oklahoma City
6221796595498984,617313952879129,2015-07-30 02:28:00.0,08/15,United States,Bristol
6221801089095872,457481752664480,2017-07-25 01:04:18.0,08/17,United States,Myrtle Beach
6222102786517105,359090271901176,2010-04-20 09:23:31.0,05/15,United States,Ukiah
6222107374039024,043622300612863,2017-06-20 00:32:04.0,10/17,United States,Palm Coast
6222112039184330,471185046505333,2011-09-23 08:38:10.0,07/14,United States,Carson City
6222244521761919,493930505857580,2013-08-18 07:17:42.0,05/14,United States,Cape Coral
6222740575732417,244395453880975,2015-10-06 02:10:49.0,02/17,United States,Eastpointe
6222789298600161,279007552772523,2012-02-01 03:44:11.0,10/12,United States,Monroe
6222849245970594,329613103057828,2015-09-29 06:55:58.0,11/16,United States,Lake in the Hills
6223096842609550,680536230924701,2016-09-11 12:59:58.0,03/17,United States,Glen Burnie
6223151286685424,231123333237149,2013-04-29 04:39:45.0,08/16,United States,Wyckoff
6223362469163804,514369034943407,2018-01-05 04:01:37.0,01/18,United States,Hamtramck
6223474541026220,091606076720441,2015-02-03 10:07:11.0,05/16,United States,Pleasantville
6223512404783724,230041458609276,2014-07-08 01:18:30.0,09/16,United States,Haverhill
6223681626729292,601816584611264,2010-05-11 02:07:48.0,02/17,United States,Union Hill-Novelty Hill
6223813071182434,736137659378265,2016-01-19 10:01:25.0,06/17,United States,Santa Fe Springs
6223900941165408,539253405085545,2013-07-29 12:53:37.0,03/16,United States,Hillsboro
6223904695473034,962983987237148,2010-11-06 01:56:51.0,10/14,United States,East Cleveland
6223938739934916,821936471422885,2013-05-15 00:41:31.0,07/14,United States,Severna Park
6224201777318321,990740662283435,2010-09-21 03:30:51.0,08/14,United States,Ponca City
6224271253849917,815187737253702,2017-05-01 12:57:56.0,05/17,United States,Faribault
6224365775856671,037011200807810,2015-09-21 10:26:01.0,07/17,United States,Vandalia
6224416008334638,733208623545003,2012-02-06 11:52:26.0,04/13,United States,Asheville
6224563303233955,781287368220885,2013-06-05 11:33:13.0,01/17,United States,Corinth
6224610009303218,538560948538415,2014-02-05 00:17:16.0,11/14,United States,Carteret
6224637828122115,303712528948940,2011-08-24 04:12:55.0,06/14,United States,Farmington
6224926962871383,573316038916752,2011-01-29 04:23:26.0,03/16,United States,Baldwin Park
6225064972468468,614368559838934,2017-12-24 10:51:36.0,12/17,United States,Hendersonville
6225103647952868,482777033295439,2014-11-04 06:29:17.0,04/17,United States,Oxnard
6225141260149263,746177828044139,2010-11-02 10:42:44.0,06/14,United States,Norwood
6225305255701681,101038807828183,2014-05-15 00:24:17.0,09/16,United States,Scottsbluff
6225310494984197,810252006581935,2012-12-06 09:30:47.0,05/14,United States,Jasper
6225327986968231,093755459354434,2016-01-23 09:42:44.0,10/17,United States,Kansas City
6225338254619778,598923502844835,2015-01-14 03:41:29.0,07/17,United States,Westlake
6225424199255892,625215726848940,2013-06-18 00:35:18.0,11/14,United States,Philadelphia
6225472681819758,718958735965781,2011-06-11 03:00:45.0,09/13,United States,Norwood
6225572978222663,184136359116540,2013-04-12 03:16:56.0,07/16,United States,Anthem
6225606551069826,284643419452603,2011-11-01 02:25:52.0,10/12,United States,Pinecrest
6225669798836787,464970458667710,2018-01-25 04:57:59.0,01/18,United States,Pittsfield
6225735132440725,080014754089202,2017-10-11 02:16:25.0,10/17,United States,West Melbourne
6225866702124777,452665454696866,2015-06-21 01:34:35.0,04/16,United States,Arvada
6226006200271205,438516962166374,2010-04-12 00:56:42.0,05/16,United States,Solon
6226081803124283,441973063568145,2014-10-29 06:31:40.0,02/15,United States,Racine
6226088215855180,228600208340961,2011-12-09 12:36:08.0,01/17,United States,Menomonie
6226140793883272,451081313589539,2016-05-22 12:16:38.0,04/17,United States,Lauderhill
6226450500644713,456872279638704,2011-04-26 00:28:42.0,05/12,United States,Hendersonville
6226916900432545,546897695688209,2015-12-17 07:38:33.0,06/17,United States,Palm Valley
6227071613331391,774599835915613,2015-03-02 12:18:31.0,09/15,United States,Radcliff
6227291054424345,865572267423737,2016-01-29 11:28:21.0,02/16,United States,North Druid Hills
6227316048718823,927600627784764,2017-02-20 11:01:50.0,09/17,United States,Keene
6227429096069344,314114814362686,2015-10-23 05:34:02.0,01/17,United States,Hays
6227859346405031,885904361421528,2010-03-25 11:58:34.0,01/16,United States,Westford
6227925299479230,565790839432279,2012-03-15 09:21:33.0,09/13,United States,Glendale
6227994101600953,940184607999133,2010-05-01 11:52:59.0,04/13,United States,Parsippany
6228080341624745,259087591745034,2013-10-24 09:59:22.0,10/14,United States,Laplace
6228083754178597,175321624168028,2016-05-08 01:52:11.0,11/16,United States,Kentwood
6228529148302558,340482204458904,2015-04-28 11:12:51.0,09/17,United States,Bellmore
6228529438344849,309571668518322,2017-04-29 07:02:48.0,09/17,United States,Savage
6228588350544786,669696032320589,2012-11-06 01:06:14.0,10/14,United States,Belleville
6228733641419063,610330639594612,2011-05-17 06:19:51.0,01/14,United States,Burlington
6228777558348039,617045089413066,2012-06-27 02:08:50.0,11/12,United States,Asheville
6228882078421256,610345729585239,2017-05-03 12:16:57.0,06/17,United States,Brushy Creek
6229130995174650,778503177246909,2013-02-22 06:03:52.0,07/13,United States,North Bethesda
6440024995933681,134615772913395,2016-06-13 02:59:07.0,07/16,United States,Poinciana
6440187483823803,056816206595507,2010-09-06 03:30:04.0,01/11,United States,Centerville
6440793963189191,148994189038557,2012-10-23 05:38:01.0,10/17,United States,Medina
6440968309978768,811594864628442,2017-11-05 10:16:43.0,11/17,United States,Salisbury
6442299055452214,425102786869789,2011-03-01 10:40:05.0,06/17,United States,Central
6442337266130821,971801524244676,2010-12-08 07:14:11.0,09/17,United States,Cheshire
6442508218049679,867463745877108,2010-10-18 04:07:30.0,12/11,United States,Pottstown
6443261943470518,095097070948372,2015-03-25 12:36:21.0,10/17,United States,Danvers
6443783023069597,523325937872991,2010-04-04 09:40:40.0,04/17,United States,Norton Shores
6444017231919254,602943075072217,2017-12-10 10:12:52.0,01/18,United States,Cherry Hill
6445088693328267,210980433501179,2015-12-04 02:33:12.0,12/15,United States,Columbus
6445500224944594,052090505482683,2017-04-05 11:56:46.0,04/17,United States,Punta Gorda Isles
6446222442368956,922294712770270,2015-10-30 04:52:25.0,06/16,United States,Martha Lake
6447843102942183,411291249059576,2014-03-20 06:32:43.0,03/16,United States,South Elgin
6447877814927926,907972949998745,2018-01-04 04:38:04.0,01/18,United States,Easton
6450958905268760,505591679882958,2013-10-02 08:42:23.0,05/15,United States,Fort Hunt
6451188046445957,482846848859991,2010-10-05 06:18:48.0,04/17,United States,Springfield
6451387765835527,188977299867156,2011-10-09 06:49:47.0,11/16,United States,Lakeside
6451849404352750,366586364589156,2011-05-17 07:42:22.0,09/15,United States,Tempe
6452852514623630,446994521280356,2011-05-26 07:41:14.0,03/12,United States,Bellview
6456434850482073,678016709487047,2014-10-01 05:07:22.0,11/16,United States,Deerfield Beach
6457013830082044,621795526636255,2016-11-11 08:34:01.0,08/17,United States,Richfield
6457507104644777,683307404961691,2013-06-14 09:46:50.0,09/17,United States,Streamwood
6458390280461467,362507878738942,2012-10-05 11:47:50.0,04/14,United States,Duluth
6458913408105037,903974214620669,2015-10-16 04:55:37.0,01/17,United States,Chicago Heights
6459468596595589,077775548553390,2014-02-04 10:25:39.0,04/17,United States,Easley
6459584074670791,547127367554658,2017-12-08 12:34:51.0,12/17,United States,Clinton
6460729612153589,266629518896098,2012-01-19 12:27:31.0,10/12,United States,Findlay
6460955484292953,555059812846420,2010-04-22 04:11:06.0,06/12,United States,San Jacinto
6461356425954109,739325996860756,2013-07-15 02:49:54.0,11/16,United States,Mira Loma
6461665612054493,122160182376172,2013-08-13 06:47:06.0,03/17,United States,Woodlawn
6463116552169683,306051887072370,2011-10-15 08:58:56.0,11/11,United States,Rockledge
6465463980407626,641632948681095,2013-12-26 04:12:39.0,11/16,United States,Austintown
6465850174991268,943775166242740,2016-11-11 10:29:43.0,11/16,United States,Kent
6466930541815280,408836330443077,2013-05-04 01:11:30.0,05/15,United States,Center Point
6467743732161623,225048301274697,2011-02-08 04:54:43.0,03/14,United States,Lakeside
6469760853632834,380537860001148,2013-04-22 12:40:21.0,01/15,United States,Utica
6471638322460316,961630124525600,2013-11-22 05:36:59.0,11/15,United States,Tempe
6472374200071160,965993981172852,2015-03-28 01:59:47.0,11/16,United States,Dyer
6473696545916322,498609056591599,2011-12-15 04:16:42.0,06/15,United States,Inglewood
6474282068752847,182802011203906,2010-02-13 03:53:46.0,11/13,United States,Mustang
6474316753643281,589038181178028,2017-08-25 04:18:08.0,09/17,United States,Bel Air South
6475971877334107,287537030515562,2013-09-28 01:59:21.0,02/15,United States,Horizon City
6476780998820087,113940864882409,2013-06-07 01:57:30.0,07/13,United States,Lauderdale Lakes
6477294083247452,141172994810637,2014-03-28 06:44:12.0,11/15,United States,Fort Washington
6477616484573237,150504842545054,2012-08-09 02:53:00.0,05/14,United States,Elmhurst
6478825694597816,498368085601460,2011-04-10 10:59:23.0,02/17,United States,Manhattan
6478888441720966,273246841077378,2015-07-16 10:30:23.0,10/16,United States,Beaverton
6480152634975473,439083998526821,2016-06-03 03:12:30.0,05/17,United States,Mineola
6482486853598527,713170533260841,2011-04-09 02:26:42.0,11/13,United States,Galt
6487820990153348,907866887836359,2014-03-07 07:08:33.0,11/15,United States,Broadview Heights
6488495722873098,481145625054879,2017-06-13 09:39:12.0,07/17,United States,Indio
6489020892716932,957058239109844,2013-08-17 11:43:12.0,02/16,United States,Elk Grove
6489878454988664,297268311002579,2012-03-20 12:36:45.0,11/17,United States,El Centro
6490380638769885,471193501554421,2017-09-17 00:44:08.0,10/17,United States,Fort Myers
6490724104698922,345759176361107,2010-07-14 11:03:43.0,11/14,United States,Murrieta
6492177672429642,856504383389409,2013-10-24 03:20:52.0,05/16,United States,North Kingstown
6492330064428090,763784059786711,2017-03-10 02:54:41.0,04/17,United States,Kalispell
6493759934178890,292243848612295,2010-04-04 00:47:10.0,01/17,United States,Bettendorf
6494636136747517,138258568440140,2017-03-30 04:28:06.0,04/17,United States,Woodburn
6495558834179109,315255468524677,2016-02-25 02:29:34.0,10/16,United States,Bellingham
6495818232688139,766849783948999,2013-01-28 03:54:03.0,04/16,United States,Farmington
6495997868408374,698106356385697,2013-01-17 02:42:30.0,12/15,United States,Barstow
6496915273267341,023329987813357,2017-09-03 10:58:50.0,09/17,United States,Orinda
6502949401158942,888560860434785,2012-05-04 07:26:17.0,08/17,United States,Marion
6505080237250161,615754567307150,2015-08-12 10:58:53.0,09/17,United States,Socorro Mission Number 1 Colonia
6507864607881764,065987453537549,2011-09-02 11:41:47.0,06/17,United States,Kannapolis
6508947750521656,758501815690419,2011-12-07 13:00:16.0,11/17,United States,University City
6510010051133634,162601897371597,2013-05-28 07:23:02.0,05/14,United States,Williamstown
6511699631829486,843739058931630,2014-01-13 08:02:37.0,09/16,United States,Amsterdam
6512496325844338,853410802404600,2012-12-19 02:17:20.0,03/13,United States,Saco
6513612620629302,296775315121943,2016-11-22 06:52:05.0,11/16,United States,Santa Ana
6515567258324915,203259382349255,2013-05-24 08:26:16.0,02/15,United States,Chicago
6515600431361577,675166611524932,2017-04-30 08:21:51.0,05/17,United States,Mitchell
6519170627418595,561721165718507,2016-06-28 05:19:31.0,09/17,United States,Huntington
6521351638027080,939148269610932,2014-04-21 00:47:23.0,05/17,United States,New Iberia
6525772881636929,893841058050653,2015-01-22 12:39:24.0,11/16,United States,Palm Springs
6527120239675587,505888796131758,2010-07-04 07:08:13.0,04/14,United States,Chaska
6530277479107765,722065379659124,2010-10-14 08:34:28.0,11/13,United States,Bell
6531615984004424,390834488071989,2013-08-28 02:14:55.0,05/17,United States,Missoula
6534662687014885,030262674475086,2015-09-08 07:09:24.0,10/15,United States,Freeport
6536884122477307,269016655636308,2010-02-10 12:55:01.0,02/15,United States,Minnetonka Mills
6538825530803152,109725794005444,2017-07-26 05:57:51.0,08/17,United States,Brawley
6540053778898901,536746241782818,2013-05-22 12:59:39.0,04/17,United States,Stow
6540468186896539,141321536961227,2018-01-19 07:18:00.0,01/18,United States,East Rancho Dominguez
6543031141758272,870153152781538,2017-07-19 06:36:40.0,09/17,United States,Clarksdale
6544649161377464,649878246712070,2011-10-04 09:41:07.0,09/16,United States,Colleyville
6544876671165176,269098610760255,2014-08-11 04:53:07.0,09/14,United States,Fairbanks
6545226290425115,603559973068098,2013-05-18 11:24:59.0,06/17,United States,Englewood
6545952322379984,600766853828700,2014-08-29 07:43:44.0,11/17,United States,Dickinson
6547766151831545,261887615693559,2011-12-05 09:48:13.0,01/16,United States,Elizabeth City
6548075186419311,172415208711374,2015-09-08 01:42:30.0,03/16,United States,Levittown
6553602843717324,489363495489840,2010-03-24 01:59:05.0,04/13,United States,Amherst
6554318161639326,849379475223004,2013-01-15 05:04:55.0,08/13,United States,Brentwood Estates
6555788669879948,397711136132639,2011-02-24 04:53:28.0,07/14,United States,Buffalo
6555959156547393,936684798954860,2017-04-15 08:44:30.0,10/17,United States,Ashtabula
6557021868031113,895448300173190,2014-05-15 12:49:14.0,06/14,United States,Homestead
6559471895999451,881925677205464,2017-09-27 09:21:18.0,10/17,United States,West Linn
6562510549485881,659982919406634,2015-07-04 06:39:15.0,11/16,United States,Mount Vernon
6566718331696237,335526117403543,2013-09-19 10:34:17.0,08/14,United States,Sand Springs
6568438963325843,183038102441540,2017-07-06 05:25:55.0,07/17,United States,North Las Vegas
6570061543816002,722794052951029,2017-01-10 03:01:36.0,02/17,United States,Sedalia
6573615549671948,985619195348046,2015-09-29 08:21:37.0,12/16,United States,Belleville
6574255180086418,891702243060747,2012-07-19 07:47:35.0,07/15,United States,Selma
6574656060675651,555127039477442,2010-06-02 00:11:01.0,11/10,United States,Coral Terrace
6577397607792660,479331531880555,2013-06-13 00:02:59.0,02/16,United States,Norco
6578328793401039,149907932138330,2016-03-21 02:51:11.0,11/16,United States,Wasco
6580194731591489,218337397923739,2018-01-09 00:32:14.0,01/18,United States,Oxford
6582135370631324,389050970153068,2016-07-17 10:26:54.0,08/16,United States,Roy
6582950745622331,185289866247329,2012-04-17 03:37:04.0,03/13,United States,Hutchinson
6583283909793527,398607904778893,2015-08-27 03:19:32.0,01/17,United States,Galesburg
6585229076432173,887283455220105,2015-03-06 00:53:06.0,05/16,United States,Security-Widefield
6587114664896609,623414156260264,2015-10-05 06:45:35.0,03/17,United States,Hobart
6588637504808417,678537053778506,2012-05-30 04:37:45.0,04/14,United States,Concord
6589539191695876,832393339334706,2014-01-26 11:59:35.0,09/15,United States,Roseville
6589855658684769,193386908982058,2010-02-07 09:52:17.0,11/15,United States,Westfield
6589894320960430,276119478113309,2011-08-08 02:25:29.0,11/15,United States,Blaine
6590907016354002,849289511810887,2016-10-28 07:32:23.0,07/17,United States,Reading
6591175617713393,135615957283320,2015-05-16 03:21:15.0,08/16,United States,Arvin
6592184145413632,714853788321318,2010-03-12 08:11:17.0,08/16,United States,Mehlville
6594248319343442,846162645575666,2016-02-15 02:32:58.0,12/16,United States,Lyndhurst
6595638658736751,377918213614639,2015-08-13 10:58:24.0,09/17,United States,Mahwah
6595814135833988,236864426408837,2011-02-18 06:45:46.0,06/14,United States,Johnston
6595928469079750,422173403853722,2012-02-10 02:19:20.0,02/14,United States,Raleigh
6597703848279563,657991752750272,2017-02-16 07:45:34.0,03/17,United States,Pinewood
6598830758632447,660350842993890,2013-07-26 02:22:17.0,12/16,United States,Tampa
6599900931314251,928036864799687,2017-09-09 03:31:54.0,10/17,United States,Loves Park
